{"status":{"water":28.133029380535923,"wind":41.03228443562825}}