{"status":{"water":21.426387258237494,"wind":38.065718929968604}}