{"status":{"water":6.563701921747622,"wind":15.651925473279125}}